fold,g0,pmean,tmean,f1,rmse,valid,bias,absbias
0,4872,156.1240730389878,171.54166666666666,0.005952380952380952,50.919726381421114,168,-15.417593627678855,15.417593627678855
4,37416,118.11245124650516,126.25,0.02976190476190476,61.9135901150419,168,-8.13754875349484,8.13754875349484
2,21552,126.95751609733767,151.9702380952381,0.041666666666666664,59.46656994423025,168,-25.012721997900428,25.012721997900428
2,22224,132.5623639137634,111.29761904761905,0.041666666666666664,40.67036474305019,168,21.26474486614434,21.26474486614434
2,21720,99.76549922203824,100.77380952380952,0.047619047619047616,37.697399020181614,168,-1.0083103017712745,1.0083103017712745
1,13296,90.55314854760523,97.58928571428571,0.06547619047619048,33.032529338512724,168,-7.036137166680476,7.036137166680476
0,3696,88.38237288002489,84.38805970149254,0.06547619047619048,34.38540117600594,67,3.9943131785323516,3.9943131785323516
3,29160,107.58993913376554,101.45731707317073,0.07142857142857142,29.743136278261105,164,6.132622060594812,6.132622060594812
0,4200,133.7415786867658,157.20238095238096,0.08333333333333333,44.02856216989402,168,-23.460802265615172,23.460802265615172
1,12792,119.73116837321591,160.39285714285714,0.08333333333333333,67.74298310082771,168,-40.66168876964123,40.66168876964123
2,20040,105.12637256361154,116.67073170731707,0.08333333333333333,36.51815282759836,164,-11.544359143705535,11.544359143705535
2,20880,59.883326429916416,65.55284552845528,0.08333333333333333,26.118904446734426,123,-5.6695190985388635,5.6695190985388635
4,39432,131.64653114968874,146.98214285714286,0.08333333333333333,48.746695747195155,168,-15.33561170745412,15.33561170745412
3,30168,79.95134554477049,97.30357142857143,0.08928571428571429,42.64791759495771,168,-17.35222588380094,17.35222588380094
3,28824,63.49180573456725,78.68452380952381,0.08928571428571429,30.28665831704333,168,-15.19271807495656,15.19271807495656
3,30504,130.98692391351983,157.24404761904762,0.09523809523809523,78.89405555438951,168,-26.25712370552779,26.25712370552779
2,23232,153.11032202208133,142.25,0.10119047619047619,47.86541693951228,168,10.860322022081334,10.860322022081334
3,31008,71.10202679045209,85.74842767295597,0.10119047619047619,35.46368255728759,159,-14.646400882503883,14.646400882503883
2,21216,119.60338835130585,105.67261904761905,0.10119047619047619,61.538373140187126,168,13.930769303686802,13.930769303686802
2,18864,176.22732980480427,164.04166666666666,0.10714285714285714,41.12450266985911,168,12.185663138137613,12.185663138137613
1,13800,79.83870791654466,85.9,0.10714285714285714,29.41435817394076,140,-6.061292083455342,6.061292083455342
3,29664,96.66951365725609,87.14880952380952,0.10714285714285714,33.852447286601645,168,9.520704133446571,9.520704133446571
1,14472,123.74268076957907,112.95238095238095,0.10714285714285714,33.57387682980962,168,10.790299817198118,10.790299817198118
4,37248,74.66358199087854,73.10119047619048,0.10714285714285714,19.425794130014488,168,1.5623915146880591,1.5623915146880591
4,41448,61.531523263038515,68.13690476190476,0.1130952380952381,26.954004277826087,168,-6.605381498866244,6.605381498866244
0,5880,111.15525575250946,124.01785714285714,0.11904761904761904,37.49222225543837,168,-12.862601390347677,12.862601390347677
2,22728,106.70928964974578,66.6319018404908,0.11904761904761904,49.78758367613822,163,40.07738780925499,40.07738780925499
3,30336,78.72848602065585,72.53571428571429,0.11904761904761904,31.97551790460509,168,6.192771734941559,6.192771734941559
3,32184,79.73988453091773,80.54761904761905,0.11904761904761904,27.315675344119526,168,-0.8077345167013164,0.8077345167013164
1,12456,82.67103699615086,90.30061349693251,0.125,32.835086194080944,163,-7.629576500781653,7.629576500781653
0,4032,86.00367811734883,79.48550724637681,0.125,25.60710828281714,138,6.518170870972014,6.518170870972014
1,12624,93.81520399742658,99.07142857142857,0.13095238095238096,38.35851414576261,168,-5.25622457400199,5.25622457400199
1,13968,111.99393033188441,114.51700680272108,0.13095238095238096,34.04944198775176,147,-2.5230764708366706,2.5230764708366706
1,12960,97.98364617979934,115.04878048780488,0.13095238095238096,48.86539142292714,164,-17.06513430800554,17.06513430800554
2,23064,78.53673443997434,74.07738095238095,0.13095238095238096,29.51119462919992,168,4.45935348759339,4.45935348759339
1,12120,61.353660037808964,78.39285714285714,0.13095238095238096,28.39547100803468,168,-17.039197105048174,17.039197105048174
4,39936,85.36060741560429,80.77380952380952,0.13690476190476192,23.08952498178848,168,4.586797891794774,4.586797891794774
0,4536,119.79338977289366,126.19642857142857,0.13690476190476192,42.29107237226666,168,-6.403038798534908,6.403038798534908
0,4704,133.25741365322307,131.10714285714286,0.13690476190476192,47.688881173629376,168,2.150270796080207,2.150270796080207
2,22896,84.23587581733011,88.0962962962963,0.14285714285714285,25.500507114274715,135,-3.8604204789661907,3.8604204789661907
2,21048,79.13628234645037,85.85975609756098,0.14285714285714285,25.152261475456235,164,-6.723473751110603,6.723473751110603
2,20544,109.84463033080048,118.18452380952381,0.14285714285714285,42.43932595574744,168,-8.339893478723326,8.339893478723326
2,22392,80.42552717615861,62.22435897435897,0.14285714285714285,26.435905328010595,156,18.20116820179964,18.20116820179964
3,29496,78.10972296968478,70.67307692307692,0.14285714285714285,33.97997038536632,156,7.436646046607862,7.436646046607862
4,40104,103.8665805757384,100.22619047619048,0.14285714285714285,36.73980467812208,168,3.640390099547915,3.640390099547915
0,5208,91.55369504099778,112.48809523809524,0.1488095238095238,49.71246470457968,168,-20.93440019709746,20.93440019709746
4,40776,90.87668704116474,86.42857142857143,0.1488095238095238,27.401325504645136,168,4.448115612593313,4.448115612593313
4,40440,63.65486491615892,48.78658536585366,0.1488095238095238,24.380508740845247,164,14.86827955030526,14.86827955030526
4,41280,102.45961699020297,86.21428571428571,0.15476190476190477,37.67083151215821,168,16.245331275917266,16.245331275917266
0,3864,106.4157364359626,96.22619047619048,0.16071428571428573,30.966378016853714,168,10.189545959772119,10.189545959772119
2,21888,92.35339210042159,96.10714285714286,0.16071428571428573,28.47343481785586,168,-3.7537507567212742,3.7537507567212742
0,840,141.2266478340216,89.4047619047619,0.16666666666666666,79.45863356238719,168,51.82188592925971,51.82188592925971
4,41112,72.80513921655756,57.92857142857143,0.16666666666666666,26.81144493529477,168,14.876567787986133,14.876567787986133
0,3528,63.06973154113524,105.21088435374149,0.16666666666666666,72.69174259161274,147,-42.14115281260625,42.14115281260625
4,37752,92.41721242878666,90.91071428571429,0.16666666666666666,31.59776063187109,168,1.5064981430723634,1.5064981430723634
1,14640,78.09669950383488,85.9047619047619,0.17261904761904762,38.55146833131005,168,-7.808062400927014,7.808062400927014
4,39264,79.86269661479557,67.63690476190476,0.17261904761904762,27.311502381360633,168,12.225791852890808,12.225791852890808
4,37584,91.36338991867731,84.17857142857143,0.17261904761904762,31.38529971676929,168,7.184818490105883,7.184818490105883
4,42120,152.4628995491139,149.91071428571428,0.17261904761904762,36.313969093776834,168,2.552185263399622,2.552185263399622
4,41952,163.96868344501587,141.28125,0.17261904761904762,62.94697759739875,160,22.68743344501587,22.68743344501587
1,15144,137.40429562460662,174.07142857142858,0.17857142857142858,51.39672844558475,168,-36.667132946821965,36.667132946821965
4,40608,73.58544058548435,62.607361963190186,0.17857142857142858,23.973763249229727,163,10.978078622294163,10.978078622294163
4,38256,65.423639382659,79.58282208588957,0.17857142857142858,36.22584336141747,163,-14.15918270323057,14.15918270323057
1,14136,83.73380033064231,69.85714285714286,0.18452380952380953,28.334022467730726,168,13.87665747349945,13.87665747349945
3,29328,90.52501878707085,86.29166666666667,0.18452380952380953,40.48183837863707,168,4.233352120404177,4.233352120404177
1,14304,100.54941928074572,97.1280487804878,0.18452380952380953,24.204632234107443,164,3.4213705002579218,3.4213705002579218
4,38928,82.78443649993692,74.60365853658537,0.18452380952380953,30.000636362389304,164,8.180777963351545,8.180777963351545
3,32856,122.3912208063496,133.5654761904762,0.18452380952380953,52.1697447963579,168,-11.17425538412661,11.17425538412661
1,13632,139.7192513431712,148.01785714285714,0.18452380952380953,65.51076824352063,168,-8.29860579968593,8.29860579968593
3,28152,69.06215912340761,76.13690476190476,0.19047619047619047,23.56170727030345,168,-7.0747456384971485,7.0747456384971485
4,36072,176.92430088664304,205.05357142857142,0.19047619047619047,78.49727605795319,168,-28.129270541928378,28.129270541928378
2,20376,139.61392667565644,131.67261904761904,0.19047619047619047,70.96274993994834,168,7.941307628037407,7.941307628037407
0,1344,115.8764466796046,103.11904761904762,0.19047619047619047,47.9056516738084,168,12.757399060556978,12.757399060556978
4,39768,100.33986264362913,78.29268292682927,0.19642857142857142,35.523859755287276,164,22.04717971679986,22.04717971679986
3,29832,63.769890041531525,87.33928571428571,0.19642857142857142,39.112196199676376,168,-23.569395672754183,23.569395672754183
2,22056,80.52836945609894,64.23899371069183,0.20238095238095238,32.353609275048576,159,16.289375745407114,16.289375745407114
4,36576,98.9366661891507,100.95833333333333,0.20833333333333334,34.61482138350488,168,-2.0216671441826293,2.0216671441826293
0,6888,81.01145007863447,72.4702380952381,0.20833333333333334,38.837457991962935,168,8.541211983396366,8.541211983396366
4,40944,73.28367029497528,68.01190476190476,0.20833333333333334,19.703415069697765,168,5.271765533070521,5.271765533070521
2,19200,130.9741580487875,115.58333333333333,0.21428571428571427,61.52032273965369,168,15.390824715454173,15.390824715454173
4,37080,170.86959924336745,158.8719512195122,0.21428571428571427,53.772593198540264,164,11.997648023855248,11.997648023855248
4,38424,82.34145930818437,76.38095238095238,0.21428571428571427,28.725294906736334,168,5.9605069272319895,5.9605069272319895
4,39096,68.86724179772105,57.74390243902439,0.21428571428571427,25.57848856185566,164,11.123339358696661,11.123339358696661
3,31344,77.55136599630521,60.61309523809524,0.21428571428571427,26.837437995680904,168,16.938270758209967,16.938270758209967
4,38760,59.779820569416934,50.69871794871795,0.22023809523809523,18.31472271013799,156,9.081102620698985,9.081102620698985
1,13464,104.14632600537267,97.8452380952381,0.22023809523809523,36.924001277946665,168,6.301087910134569,6.301087910134569
1,9600,100.88009925342853,94.49404761904762,0.2261904761904762,44.947341226102814,168,6.386051634380905,6.386051634380905
4,40272,49.43522061324397,45.85625,0.2261904761904762,21.611549646156263,160,3.5789706132439676,3.5789706132439676
4,38592,55.862428740320716,58.44047619047619,0.2261904761904762,19.062425069577696,168,-2.5780474501554735,2.5780474501554735
3,27312,129.35632917126466,122.84049079754601,0.23214285714285715,53.47708394978749,163,6.515838373718651,6.515838373718651
1,11280,61.883876711771784,73.84810126582279,0.23214285714285715,38.71389475263423,158,-11.964224554051007,11.964224554051007
3,31680,77.52829153208646,62.31547619047619,0.23214285714285715,29.74841364847057,168,15.212815341610266,15.212815341610266
4,36240,252.4918437052443,299.1190476190476,0.23809523809523808,86.08737026238812,168,-46.6272039138033,46.6272039138033
0,3192,90.13561390918565,93.71951219512195,0.23809523809523808,26.600025586546796,164,-3.5838982859363,3.5838982859363
3,32352,75.49967308476167,80.225,0.23809523809523808,31.249605148291103,160,-4.725326915238327,4.725326915238327
3,27816,144.258383332353,166.8719512195122,0.23809523809523808,64.22288652129812,164,-22.613567887159206,22.613567887159206
3,26808,239.8181274313436,219.17261904761904,0.23809523809523808,87.3920557109645,168,20.645508383724575,20.645508383724575
2,24240,133.42198159646588,125.3780487804878,0.24404761904761904,67.82840300498633,164,8.043932815978081,8.043932815978081
0,2016,80.71696035595485,106.23741007194245,0.24404761904761904,51.12243489774665,139,-25.520449715987596,25.520449715987596
4,39600,36.83353441792353,29.838509316770185,0.24404761904761904,13.333905642800216,161,6.995025101153345,6.995025101153345
1,15816,136.38786938587913,151.3021582733813,0.25,51.485489696034975,139,-14.914288887502181,14.914288887502181
1,14808,94.727065050165,91.56547619047619,0.25,29.837739483435463,168,3.1615888596888055,3.1615888596888055
0,5040,70.33656346331865,105.64285714285714,0.25,57.447040088553166,168,-35.306293679538484,35.306293679538484
3,28320,108.77473989959037,116.68452380952381,0.25,42.303397377440085,168,-7.909783909933438,7.909783909933438
3,27984,130.3348447723651,173.57738095238096,0.25595238095238093,75.19467785212001,168,-43.24253618001586,43.24253618001586
3,30000,98.37687964369947,119.53571428571429,0.25595238095238093,43.858634954289464,168,-21.158834642014824,21.158834642014824
0,1176,217.93920512631783,160.79166666666666,0.25595238095238093,89.32256566181587,168,57.14753845965117,57.14753845965117
4,38088,65.6521831742746,63.78048780487805,0.25595238095238093,22.345595302742705,164,1.871695369396548,1.871695369396548
0,4368,54.34969174369348,53.01219512195122,0.25595238095238093,19.25500315197958,164,1.337496621742254,1.337496621742254
0,2184,64.03064982377091,87.11309523809524,0.25595238095238093,39.94561211593477,168,-23.082445414324326,23.082445414324326
3,33024,68.30634004413388,74.10714285714286,0.2619047619047619,28.022737783075534,168,-5.8008028130089855,5.8008028130089855
3,26640,177.0448903486506,146.76190476190476,0.2619047619047619,92.75784316064016,168,30.282985586745838,30.282985586745838
1,9768,169.81040750104953,143.94642857142858,0.2619047619047619,80.23071360233459,168,25.86397892962094,25.86397892962094
0,5544,59.577916341445814,77.58928571428571,0.26785714285714285,33.26371245834531,168,-18.011369372839894,18.011369372839894
1,15312,75.82621810228501,71.19047619047619,0.26785714285714285,48.22649796969761,168,4.635741911808822,4.635741911808822
2,23568,70.71372169014677,62.00595238095238,0.26785714285714285,19.78375519996285,168,8.70776930919439,8.70776930919439
2,23736,96.44180564344933,79.1547619047619,0.26785714285714285,35.11279643902326,168,17.28704373868743,17.28704373868743
1,13128,85.2634816018635,97.02380952380952,0.26785714285714285,33.682234675764526,168,-11.760327921946015,11.760327921946015
4,41616,83.89306557938004,82.30357142857143,0.27380952380952384,28.04709072378286,168,1.589494150808605,1.589494150808605
0,5376,78.11351551568023,140.30357142857142,0.27380952380952384,87.1285078173895,168,-62.19005591289118,62.19005591289118
1,10776,87.15444493869192,77.90625,0.27380952380952384,26.480537580812513,160,9.248194938691924,9.248194938691924
3,31848,61.821768243052944,73.375,0.27380952380952384,22.685472628091837,168,-11.553231756947056,11.553231756947056
1,15984,217.46447646513283,166.109756097561,0.27976190476190477,80.86532839983654,164,51.354720367571844,51.354720367571844
1,11448,76.87470734703506,75.28859060402685,0.27976190476190477,32.31801272677567,149,1.5861167430082048,1.5861167430082048
3,31512,84.17057761909821,70.10714285714286,0.27976190476190477,24.510550217388186,168,14.06343476195535,14.06343476195535
3,30840,94.09181027535078,70.81547619047619,0.27976190476190477,39.074264415395355,168,23.27633408487459,23.27633408487459
0,6048,86.73170247905624,162.41071428571428,0.27976190476190477,96.01021869793124,168,-75.67901180665804,75.67901180665804
2,19368,108.7365270166067,110.71428571428571,0.2857142857142857,46.9140876704273,168,-1.9777586976790076,1.9777586976790076
0,6216,23.466680921711262,48.07272727272727,0.2857142857142857,33.29938436109532,110,-24.60604635101601,24.60604635101601
1,11952,65.92670510289385,71.23809523809524,0.2857142857142857,32.27181120952971,168,-5.311390135201393,5.311390135201393
3,26976,171.86514790876032,172.98809523809524,0.2857142857142857,60.48587378014825,168,-1.1229473293349201,1.1229473293349201
0,6384,72.61222607350194,51.0,0.2916666666666667,35.4460186216236,21,21.612226073501944,21.612226073501944
1,15480,131.89740516118295,154.76190476190476,0.2916666666666667,78.73989843889946,168,-22.864499600721814,22.864499600721814
3,33192,79.10988226440402,98.72619047619048,0.2916666666666667,41.634430139957644,168,-19.61630821178646,19.61630821178646
3,32520,100.65418994783131,87.14024390243902,0.2976190476190476,30.44490214772565,164,13.513946045392288,13.513946045392288
4,36912,93.60510043662246,112.67073170731707,0.2976190476190476,50.4970584286137,164,-19.06563127069461,19.06563127069461
4,42792,181.5818857858946,171.3987341772152,0.2976190476190476,51.51802349863375,158,10.183151608679395,10.183151608679395
3,31176,70.69468067469532,58.50595238095238,0.2976190476190476,25.549669582164967,168,12.18872829374294,12.18872829374294
3,33528,147.42616453182916,129.89285714285714,0.30357142857142855,51.16021715635996,168,17.53330738897202,17.53330738897202
1,11112,74.81566716006824,83.0220588235294,0.30357142857142855,33.536216017752686,136,-8.206391663461162,8.206391663461162
3,27480,172.92109374476453,149.91071428571428,0.30357142857142855,69.48180067134105,168,23.010379459050256,23.010379459050256
4,42288,133.9433918872647,102.17857142857143,0.30952380952380953,45.53398500335138,168,31.76482045869328,31.76482045869328
1,10944,64.85411554063907,121.0,0.30952380952380953,83.95293409387138,126,-56.14588445936093,56.14588445936093
3,32688,112.58684416501288,134.73125,0.30952380952380953,52.527682244165355,160,-22.14440583498711,22.14440583498711
0,2520,116.76754416154589,137.73809523809524,0.31547619047619047,50.341291975965866,168,-20.970551076549356,20.970551076549356
3,32016,43.02383591643714,44.36904761904762,0.31547619047619047,14.87224266570856,168,-1.3452117026104773,1.3452117026104773
2,18192,52.00009441450094,56.273809523809526,0.32142857142857145,21.293105738814564,168,-4.273715109308583,4.273715109308583
2,19872,57.87305120837144,57.92857142857143,0.32142857142857145,34.71988159533497,168,-0.05552022019998759,0.05552022019998759
2,24408,90.24299769625655,93.0952380952381,0.3273809523809524,52.37119034728865,168,-2.85224039898155,2.85224039898155
1,9936,259.2594960592626,295.01785714285717,0.3273809523809524,70.944986538312,168,-35.75836108359459,35.75836108359459
3,27144,95.10845320476194,82.14285714285714,0.3273809523809524,59.93513044482513,168,12.965596061904805,12.965596061904805
1,16656,150.14081036127016,178.98170731707316,0.3333333333333333,72.00547272244386,164,-28.840896955803004,28.840896955803004
2,17856,197.86082885178706,234.57657657657657,0.3333333333333333,81.43479915337986,111,-36.71574772478951,36.71574772478951
2,24744,90.36805627991085,77.02439024390245,0.3392857142857143,41.34812992881839,164,13.3436660360084,13.3436660360084
4,35904,90.89602624868151,81.7202380952381,0.3392857142857143,31.71751601778841,168,9.175788153443406,9.175788153443406
4,36744,53.85603832315308,61.20238095238095,0.34523809523809523,21.32339316442842,168,-7.34634262922787,7.34634262922787
0,5712,83.90904696028913,80.95833333333333,0.34523809523809523,35.420211466434665,168,2.950713626955803,2.950713626955803
0,6720,141.8899139566651,186.70833333333334,0.34523809523809523,85.25010613353447,168,-44.81841937666823,44.81841937666823
0,3360,65.47743096730242,91.5625,0.34523809523809523,39.84123143354658,160,-26.085069032697575,26.085069032697575
2,20208,116.64554194022632,113.85714285714286,0.35119047619047616,57.56691529678711,168,2.788399083083462,2.788399083083462
2,18696,118.4475156606888,91.76190476190476,0.35119047619047616,60.824243970250265,168,26.685610898784034,26.685610898784034
4,41784,166.10969751102488,186.3109756097561,0.35119047619047616,65.54446725881007,164,-20.201278098731223,20.201278098731223
0,1512,61.5226111007545,67.10975609756098,0.35714285714285715,25.240979584953326,164,-5.587144996806472,5.587144996806472
0,3024,44.00572834838796,68.44047619047619,0.35714285714285715,52.60155300268987,168,-24.43474784208823,24.43474784208823
1,17328,154.23189773594274,118.0297619047619,0.35714285714285715,61.601267058491295,168,36.20213583118084,36.20213583118084
1,15648,137.64610266383315,123.30952380952381,0.3630952380952381,30.643750095828185,168,14.336578854309337,14.336578854309337
2,19536,52.5959083707861,64.4939024390244,0.3630952380952381,24.53880041068312,164,-11.897994068238297,11.897994068238297
2,20712,70.38589678671623,77.20481927710843,0.3630952380952381,32.87990962365009,166,-6.818922490392197,6.818922490392197
2,23400,42.76807884351142,45.71341463414634,0.3630952380952381,25.97476236709767,164,-2.945335790634921,2.945335790634921
3,34704,72.14924333635729,90.35119047619048,0.3630952380952381,52.47930535116391,168,-18.201947139833194,18.201947139833194
0,2352,56.36775138019029,71.25766871165644,0.36904761904761907,35.787714814844335,163,-14.889917331466144,14.889917331466144
0,1848,100.3591066154381,114.69642857142857,0.36904761904761907,116.08925159783445,168,-14.337321955990475,14.337321955990475
1,12288,64.35620329921211,63.88690476190476,0.375,25.456719052509886,168,0.4692985373073526,0.4692985373073526
4,35568,99.31662818495455,120.0952380952381,0.375,51.65249821786516,168,-20.77860991028355,20.77860991028355
3,30672,54.75061226678792,48.68452380952381,0.3869047619047619,19.136036919215876,168,6.066088457264108,6.066088457264108
2,21384,31.92102158980137,26.26875,0.39285714285714285,19.252209841705117,160,5.652271589801369,5.652271589801369
2,24072,71.31160663957701,64.07317073170732,0.39880952380952384,29.389360312050574,164,7.238435907869686,7.238435907869686
3,26472,280.45380032943405,295.57738095238096,0.39880952380952384,90.4349938796298,168,-15.123580622946918,15.123580622946918
4,37920,64.31592083811005,78.14285714285714,0.40476190476190477,40.85173619627287,168,-13.826936304747093,13.826936304747093
0,8400,131.9711674670231,190.94642857142858,0.40476190476190477,93.10996463094025,168,-58.97526110440549,58.97526110440549
3,28992,77.13890359692208,78.89285714285714,0.40476190476190477,24.567991845716005,168,-1.7539535459350617,1.7539535459350617
2,22560,36.99717472296747,29.865079365079364,0.40476190476190477,19.10562478862589,126,7.132095357888108,7.132095357888108
2,25248,126.36708591087717,122.05357142857143,0.4107142857142857,43.33480924639087,168,4.3135144823057345,4.3135144823057345
0,1680,67.82953078028653,74.63095238095238,0.4107142857142857,29.876844420340056,168,-6.801421600665847,6.801421600665847
4,35064,114.36244937125134,114.95238095238095,0.4107142857142857,42.78800588781598,168,-0.5899315811296049,0.5899315811296049
2,17520,69.064473133052,76.76190476190476,0.4166666666666667,32.91320432067561,168,-7.697431628852755,7.697431628852755
0,1008,57.52657493666869,73.39634146341463,0.4166666666666667,94.62179190038754,164,-15.869766526745941,15.869766526745941
0,6552,126.38625866275176,145.1547619047619,0.4166666666666667,70.03014088190714,168,-18.76850324201014,18.76850324201014
2,17688,137.53725678301709,139.2549019607843,0.4166666666666667,72.34793735078361,153,-1.7176451777672241,1.7176451777672241
4,35736,128.84327780877405,96.70625,0.4226190476190476,69.86867450668399,160,32.13702780877405,32.13702780877405
0,2856,61.39643048560246,80.94047619047619,0.4226190476190476,35.019161564339136,168,-19.54404570487373,19.54404570487373
2,18024,86.93110882390027,89.25786163522012,0.4226190476190476,128.42190660820214,159,-2.3267528113198495,2.3267528113198495
3,34536,56.50215290782681,63.666666666666664,0.4226190476190476,33.81526089155886,168,-7.164513758839853,7.164513758839853
2,24576,120.14373650701866,126.53571428571429,0.4226190476190476,41.82376157607341,168,-6.391977778695633,6.391977778695633
3,28488,59.64565390476345,73.09146341463415,0.42857142857142855,36.848605549227884,164,-13.4458095098707,13.4458095098707
4,35400,114.8496927103455,153.1547619047619,0.42857142857142855,104.48124052752189,168,-38.305069194416404,38.305069194416404
0,7056,104.87431428369929,102.68152866242038,0.43452380952380953,36.97052252089358,157,2.192785621278915,2.192785621278915
2,25752,105.34938638585953,159.85714285714286,0.44047619047619047,90.67038145714493,168,-54.50775647128333,54.50775647128333
4,42456,81.99737294355795,59.82142857142857,0.44047619047619047,37.24318467719235,168,22.17594437212938,22.17594437212938
0,7896,151.156054168629,153.07142857142858,0.4523809523809524,57.29914732639537,168,-1.9153744027995856,1.9153744027995856
1,14976,29.311474354641945,44.458333333333336,0.4523809523809524,25.479297224600934,168,-15.146858978691391,15.146858978691391
2,19704,37.08686061633881,36.74404761904762,0.4523809523809524,16.92906654627729,168,0.3428129972911904,0.3428129972911904
2,25416,75.55856853937846,83.29166666666667,0.4523809523809524,35.033656547517005,168,-7.7330981272882156,7.7330981272882156
3,34368,124.42537734391023,143.73809523809524,0.4523809523809524,51.76841514608856,168,-19.312717894185013,19.312717894185013
4,36408,151.3936074839757,152.78571428571428,0.4583333333333333,71.38681633101015,168,-1.3921068017385778,1.3921068017385778
2,25920,99.82007510467653,113.80952380952381,0.4642857142857143,41.65336722127297,168,-13.989448704847277,13.989448704847277
4,42960,135.07660416087697,136.9512195121951,0.47023809523809523,41.92294085483118,164,-1.8746153513181412,1.8746153513181412
1,16152,83.1402868029279,65.86309523809524,0.47619047619047616,27.868979217679478,168,17.277191564832663,17.277191564832663
1,16320,137.59355893628583,126.57668711656441,0.48214285714285715,49.30538696152246,163,11.016871819721416,11.016871819721416
1,16824,135.53829121154695,161.0060975609756,0.4880952380952381,79.22647325449681,164,-25.467806349428656,25.467806349428656
2,23904,66.56110369221145,46.77439024390244,0.4880952380952381,31.594954832291943,164,19.78671344830901,19.78671344830901
3,27648,120.06359869806606,124.48214285714286,0.49404761904761907,54.954091421676885,168,-4.418544159076802,4.418544159076802
1,16488,96.4844351474411,113.125,0.49404761904761907,46.07942010338347,168,-16.640564852558896,16.640564852558896
2,19032,95.50904760532538,71.1890243902439,0.49404761904761907,45.945355101335586,164,24.320023215081477,24.320023215081477
0,672,53.12480434688504,54.420731707317074,0.5,30.920897462858697,164,-1.2959273604320316,1.2959273604320316
1,10440,94.7388859331914,104.02222222222223,0.5119047619047619,31.388355666016512,135,-9.283336289030828,9.283336289030828
0,7728,152.69532580469482,177.16071428571428,0.5119047619047619,73.91925185524322,168,-24.46538848101946,24.46538848101946
0,8064,80.45511309801796,89.82738095238095,0.5119047619047619,30.329305929686942,168,-9.372267854362988,9.372267854362988
4,35232,73.20804409743624,82.7125,0.5178571428571429,39.42101426790045,160,-9.504455902563762,9.504455902563762
3,34032,62.0444579987944,109.77380952380952,0.5178571428571429,79.70282574932175,168,-47.72935152501512,47.72935152501512
3,33696,89.2196227727243,97.7797619047619,0.5178571428571429,30.550763945556998,168,-8.560139132037591,8.560139132037591
1,11616,57.71768999558695,72.11309523809524,0.5178571428571429,50.172091668739974,168,-14.39540524250829,14.39540524250829
3,28656,37.00237320705308,37.34375,0.5238095238095238,14.149166417641235,160,-0.34137679294691736,0.34137679294691736
2,18528,114.75664750816776,84.95238095238095,0.5476190476190477,54.6836856623109,168,29.80426655578681,29.80426655578681
4,43128,70.21744062288455,75.97546012269939,0.5476190476190477,47.025252811634964,163,-5.758019499814836,5.758019499814836
0,336,166.13968868780344,163.66071428571428,0.5476190476190477,50.72112678524957,168,2.4789744020891646,2.4789744020891646
2,18360,70.89341276297247,59.6875,0.5476190476190477,42.97647598709546,160,11.205912762972474,11.205912762972474
1,11784,46.298268885295855,50.958333333333336,0.5595238095238095,36.61149890272845,168,-4.660064448037481,4.660064448037481
0,7224,76.22354336327746,64.48695652173913,0.5654761904761905,27.353996793474042,115,11.736586841538326,11.736586841538326
3,33360,98.30154988019542,121.64285714285714,0.5654761904761905,58.441977989960535,168,-23.341307262661715,23.341307262661715
3,33864,65.22977281878802,74.51190476190476,0.5773809523809523,29.364733722310945,168,-9.282131943116738,9.282131943116738
4,42624,63.90708898190895,69.60122699386503,0.5773809523809523,38.29549683238337,163,-5.694138011956078,5.694138011956078
0,7392,134.51542422492884,105.09146341463415,0.5773809523809523,60.057416043351445,164,29.423960810294687,29.423960810294687
0,8232,45.49865007242857,54.339285714285715,0.5833333333333334,22.18512510525806,168,-8.840635641857148,8.840635641857148
2,25584,93.07561516095895,80.54878048780488,0.5833333333333334,43.137159443432445,164,12.52683467315407,12.52683467315407
1,10272,53.35843365357282,45.22699386503067,0.5833333333333334,30.841154695401105,163,8.131439788542146,8.131439788542146
1,10104,53.25311927143769,39.785714285714285,0.5892857142857143,23.75330840418001,168,13.467404985723405,13.467404985723405
4,43464,100.55809813269126,86.47133757961784,0.6011904761904762,40.42369163979801,157,14.086760553073418,14.086760553073418
2,25080,53.24395894213132,58.50595238095238,0.6071428571428571,30.85002642154484,168,-5.261993438821058,5.261993438821058
1,16992,59.937390452818875,55.19512195121951,0.6190476190476191,30.58265111495465,164,4.742268501599362,4.742268501599362
1,10608,14.452274676805805,17.895238095238096,0.625,8.85195406827892,105,-3.4429634184322904,3.4429634184322904
4,43296,71.7025115839588,62.390243902439025,0.625,37.99073120705161,164,9.31226768151977,9.31226768151977
2,24912,57.01494615112506,61.44047619047619,0.625,25.964414411324945,168,-4.4255300393511305,4.4255300393511305
1,8760,61.11712674178633,58.390243902439025,0.6309523809523809,26.46187746664168,164,2.7268828393473044,2.7268828393473044
2,26088,88.84236143021116,104.35119047619048,0.6369047619047619,48.036480497563836,168,-15.508829045979326,15.508829045979326
3,34200,40.211703505835345,52.773809523809526,0.6428571428571429,30.17769423107445,168,-12.56210601797418,12.56210601797418
1,17160,62.97106955829146,59.476190476190474,0.6428571428571429,34.35541237450159,168,3.4948790821009865,3.4948790821009865
0,2688,26.381274481193365,40.041666666666664,0.6547619047619048,24.132549469656304,168,-13.660392185473299,13.660392185473299
3,26304,70.27651124274155,68.55952380952381,0.6726190476190477,51.83143488738206,168,1.7169874332177386,1.7169874332177386
0,168,74.06970328276049,72.03048780487805,0.6845238095238095,31.419714852701446,164,2.0392154778824363,2.0392154778824363
3,34872,68.54550246652427,95.1890243902439,0.7261904761904762,72.13078889335607,164,-26.643521923719632,26.643521923719632
0,8568,44.212953196807106,44.535714285714285,0.7321428571428571,24.855033560176594,168,-0.32276108890717836,0.32276108890717836
0,504,55.64525143050728,67.97087378640776,0.7440476190476191,29.555493900884798,103,-12.325622355900485,12.325622355900485
1,9264,49.441896576259666,38.142857142857146,0.7440476190476191,21.144486498693976,168,11.29903943340252,11.29903943340252
1,8928,49.430949788329904,53.375,0.7559523809523809,26.389947595140832,168,-3.9440502116700955,3.9440502116700955
1,9096,40.043850496925764,34.49404761904762,0.7678571428571429,22.762629271338596,168,5.549802877878143,5.549802877878143
1,9432,40.29198735518138,55.63414634146341,0.7738095238095238,52.160672633531796,164,-15.342158986282037,15.342158986282037
0,7560,120.30090553718979,143.08928571428572,0.8273809523809523,70.23095993912155,168,-22.78838017709593,22.78838017709593
